/*
Navicat MySQL Data Transfer

Source Server         : localhost
Source Server Version : 80012
Source Host           : localhost:3306
Source Database       : shop

Target Server Type    : MYSQL
Target Server Version : 80012
File Encoding         : 65001

Date: 2018-12-27 15:41:24
*/

SET FOREIGN_KEY_CHECKS=0;

-- ----------------------------
-- Table structure for admin
-- ----------------------------
DROP TABLE IF EXISTS `admin`;
CREATE TABLE `admin` (
  `id` int(11) NOT NULL AUTO_INCREMENT,
  `password` varchar(100) DEFAULT NULL,
  `manager` varchar(100) DEFAULT NULL,
  PRIMARY KEY (`id`),
  UNIQUE KEY `manager` (`manager`)
) ENGINE=InnoDB AUTO_INCREMENT=2 DEFAULT CHARSET=utf8;

-- ----------------------------
-- Records of admin
-- ----------------------------
INSERT INTO `admin` VALUES ('1', 'pbkdf2:sha256:50000$TkExX9Jm$d63477853a17dcaedcd52be4b6213ebb74b61a12456762ac19d6b7dfb559aa57', 'mr');

-- ----------------------------
-- Table structure for alembic_version
-- ----------------------------
DROP TABLE IF EXISTS `alembic_version`;
CREATE TABLE `alembic_version` (
  `version_num` varchar(32) NOT NULL,
  PRIMARY KEY (`version_num`)
) ENGINE=InnoDB DEFAULT CHARSET=utf8;

-- ----------------------------
-- Records of alembic_version
-- ----------------------------
INSERT INTO `alembic_version` VALUES ('57aaa8e1f498');

-- ----------------------------
-- Table structure for cart
-- ----------------------------
DROP TABLE IF EXISTS `cart`;
CREATE TABLE `cart` (
  `id` int(11) NOT NULL AUTO_INCREMENT,
  `goods_id` int(11) DEFAULT NULL,
  `user_id` int(11) DEFAULT NULL,
  `number` int(11) DEFAULT NULL,
  `addtime` datetime DEFAULT NULL,
  PRIMARY KEY (`id`),
  KEY `goods_id` (`goods_id`),
  KEY `user_id` (`user_id`),
  KEY `ix_cart_addtime` (`addtime`),
  CONSTRAINT `cart_ibfk_1` FOREIGN KEY (`goods_id`) REFERENCES `goods` (`id`)
) ENGINE=InnoDB AUTO_INCREMENT=81 DEFAULT CHARSET=utf8;

-- ----------------------------
-- Records of cart
-- ----------------------------
INSERT INTO `cart` VALUES ('1', '59', '1', '1', '2022-12-09 14:29:40');
INSERT INTO `cart` VALUES ('2', '59', '0', '1', '2022-12-09 14:30:46');
INSERT INTO `cart` VALUES ('3', '59', '0', '1', '2022-12-09 14:31:48');
INSERT INTO `cart` VALUES ('4', '59', '0', '1', '2022-12-09 14:32:06');
INSERT INTO `cart` VALUES ('5', '59', '0', '1', '2022-12-09 14:34:34');
INSERT INTO `cart` VALUES ('6', '59', '0', '1', '2022-12-09 14:34:44');
INSERT INTO `cart` VALUES ('7', '59', '0', '5', '2022-12-09 14:35:00');
INSERT INTO `cart` VALUES ('8', '59', '0', '1', '2022-12-09 14:38:46');
INSERT INTO `cart` VALUES ('9', '60', '0', '1', '2022-12-09 14:39:00');
INSERT INTO `cart` VALUES ('10', '60', '0', '3', '2022-12-09 14:39:21');
INSERT INTO `cart` VALUES ('11', '46', '0', '0', '2022-12-09 14:45:31');
INSERT INTO `cart` VALUES ('12', '46', '0', '0', '2022-12-09 14:47:45');
INSERT INTO `cart` VALUES ('13', '48', '0', '0', '2022-12-09 14:51:03');
INSERT INTO `cart` VALUES ('14', '46', '0', '0', '2022-12-09 14:51:10');
INSERT INTO `cart` VALUES ('15', '47', '0', '0', '2022-12-09 14:51:58');
INSERT INTO `cart` VALUES ('16', '46', '0', '0', '2022-12-09 14:52:17');
INSERT INTO `cart` VALUES ('17', '58', '0', '1', '2022-12-09 14:53:38');
INSERT INTO `cart` VALUES ('18', '59', '0', '1', '2022-12-09 15:42:02');
INSERT INTO `cart` VALUES ('19', '58', '0', '1', '2022-12-09 15:50:09');
INSERT INTO `cart` VALUES ('20', '53', '0', '1', '2022-12-09 15:51:06');
INSERT INTO `cart` VALUES ('21', '50', '0', '1', '2022-12-09 15:51:12');
INSERT INTO `cart` VALUES ('22', '51', '0', '1', '2022-12-09 16:01:23');
INSERT INTO `cart` VALUES ('23', '51', '0', '2', '2022-12-09 16:01:29');
INSERT INTO `cart` VALUES ('24', '51', '0', '1', '2022-12-09 16:05:18');
INSERT INTO `cart` VALUES ('25', '56', '0', '3', '2022-12-09 16:05:30');
INSERT INTO `cart` VALUES ('26', '57', '0', '1', '2022-12-09 16:05:57');
INSERT INTO `cart` VALUES ('27', '3', '0', '1', '2022-12-09 16:21:02');
INSERT INTO `cart` VALUES ('28', '58', '0', '1', '2022-12-09 16:22:46');
INSERT INTO `cart` VALUES ('29', '3', '0', '1', '2022-12-09 16:24:54');
INSERT INTO `cart` VALUES ('30', '3', '0', '1', '2022-12-09 16:25:42');
INSERT INTO `cart` VALUES ('31', '3', '0', '1', '2022-12-09 16:25:46');
INSERT INTO `cart` VALUES ('32', '2', '0', '1', '2022-12-09 16:25:51');
INSERT INTO `cart` VALUES ('33', '58', '0', '1', '2022-12-09 16:25:56');
INSERT INTO `cart` VALUES ('34', '60', '0', '1', '2022-12-09 16:26:00');
INSERT INTO `cart` VALUES ('35', '56', '0', '1', '2022-12-09 16:26:05');
INSERT INTO `cart` VALUES ('36', '54', '0', '1', '2022-12-09 16:26:11');
INSERT INTO `cart` VALUES ('37', '35', '0', '1', '2022-12-09 16:26:17');
INSERT INTO `cart` VALUES ('38', '46', '0', '1', '2022-12-09 16:26:43');
INSERT INTO `cart` VALUES ('39', '2', '0', '1', '2022-12-09 16:52:00');
INSERT INTO `cart` VALUES ('40', '58', '0', '1', '2022-12-09 17:57:57');
INSERT INTO `cart` VALUES ('41', '58', '0', '1', '2022-12-09 17:59:48');
INSERT INTO `cart` VALUES ('42', '58', '0', '1', '2022-12-09 18:05:01');
INSERT INTO `cart` VALUES ('43', '58', '0', '1', '2022-12-09 18:12:12');
INSERT INTO `cart` VALUES ('44', '2', '0', '1', '2022-12-09 18:12:25');
INSERT INTO `cart` VALUES ('45', '3', '0', '1', '2022-12-09 18:12:34');
INSERT INTO `cart` VALUES ('46', '58', '0', '1', '2022-12-09 18:14:21');
INSERT INTO `cart` VALUES ('47', '56', '0', '1', '2022-12-09 18:14:27');
INSERT INTO `cart` VALUES ('48', '57', '0', '1', '2022-12-09 18:15:35');
INSERT INTO `cart` VALUES ('49', '58', '0', '1', '2022-12-09 18:16:49');
INSERT INTO `cart` VALUES ('50', '50', '0', '1', '2022-12-09 18:16:59');
INSERT INTO `cart` VALUES ('51', '3', '0', '1', '2022-12-09 18:21:45');
INSERT INTO `cart` VALUES ('52', '2', '0', '1', '2022-12-09 18:22:18');
INSERT INTO `cart` VALUES ('53', '3', '0', '1', '2022-12-09 18:22:22');
INSERT INTO `cart` VALUES ('54', '59', '0', '1', '2022-12-09 18:24:49');
INSERT INTO `cart` VALUES ('55', '57', '0', '1', '2022-12-09 18:24:52');
INSERT INTO `cart` VALUES ('56', '57', '0', '1', '2022-12-09 18:25:55');
INSERT INTO `cart` VALUES ('57', '56', '0', '1', '2022-12-09 18:25:59');
INSERT INTO `cart` VALUES ('58', '59', '0', '1', '2022-12-09 18:27:25');
INSERT INTO `cart` VALUES ('59', '57', '0', '1', '2022-12-09 18:27:29');
INSERT INTO `cart` VALUES ('60', '57', '0', '1', '2022-12-09 18:28:03');
INSERT INTO `cart` VALUES ('61', '2', '0', '1', '2022-12-09 18:50:21');
INSERT INTO `cart` VALUES ('62', '3', '0', '1', '2022-12-09 18:50:24');
INSERT INTO `cart` VALUES ('63', '18', '0', '1', '2022-12-09 18:52:13');
INSERT INTO `cart` VALUES ('64', '19', '0', '1', '2022-12-09 18:52:17');
INSERT INTO `cart` VALUES ('65', '47', '0', '1', '2022-12-09 18:52:31');
INSERT INTO `cart` VALUES ('66', '49', '0', '1', '2022-12-09 18:52:34');
INSERT INTO `cart` VALUES ('67', '50', '0', '1', '2022-12-09 18:52:36');
INSERT INTO `cart` VALUES ('68', '56', '0', '1', '2018-11-01 09:04:24');
INSERT INTO `cart` VALUES ('69', '2', '0', '1', '2018-11-01 09:09:52');
INSERT INTO `cart` VALUES ('70', '3', '0', '5', '2018-11-01 09:52:09');
INSERT INTO `cart` VALUES ('71', '58', '0', '1', '2018-11-01 09:57:54');
INSERT INTO `cart` VALUES ('72', '58', '0', '4', '2018-11-01 09:58:03');
INSERT INTO `cart` VALUES ('73', '61', '0', '5', '2018-11-01 09:58:12');
INSERT INTO `cart` VALUES ('74', '57', '0', '1', '2018-11-02 13:51:49');
INSERT INTO `cart` VALUES ('75', '2', '0', '1', '2018-11-02 15:30:54');
INSERT INTO `cart` VALUES ('76', '2', '0', '1', '2018-11-02 15:33:40');
INSERT INTO `cart` VALUES ('77', '17', '0', '1', '2018-11-02 15:33:47');
INSERT INTO `cart` VALUES ('78', '60', '0', '1', '2018-11-02 15:53:49');
INSERT INTO `cart` VALUES ('79', '4', '0', '1', '2018-11-02 15:55:09');
INSERT INTO `cart` VALUES ('80', '7', '0', '1', '2018-11-02 15:55:15');

-- ----------------------------
-- Table structure for goods
-- ----------------------------
DROP TABLE IF EXISTS `goods`;
CREATE TABLE `goods` (
  `id` int(11) NOT NULL AUTO_INCREMENT,
  `name` varchar(255) DEFAULT NULL,
  `original_price` decimal(10,2) DEFAULT NULL,
  `current_price` decimal(10,2) DEFAULT NULL,
  `picture` varchar(255) DEFAULT NULL,
  `introduction` text,
  `is_sale` tinyint(1) DEFAULT NULL,
  `is_new` tinyint(1) DEFAULT NULL,
  `addtime` datetime DEFAULT NULL,
  `views_count` int(11) DEFAULT NULL,
  `subcat_id` int(11) DEFAULT NULL,
  `supercat_id` int(11) DEFAULT NULL,
  PRIMARY KEY (`id`),
  KEY `ix_goods_addtime` (`addtime`),
  KEY `supercat_id` (`supercat_id`),
  KEY `subcat_id` (`subcat_id`),
  CONSTRAINT `goods_ibfk_1` FOREIGN KEY (`supercat_id`) REFERENCES `supercat` (`id`),
  CONSTRAINT `goods_ibfk_2` FOREIGN KEY (`subcat_id`) REFERENCES `subcat` (`id`)
) ENGINE=InnoDB AUTO_INCREMENT=89 DEFAULT CHARSET=utf8;

-- ----------------------------
-- Records of goods
-- ----------------------------
INSERT INTO `goods` VALUES ('2', '從0到1：開啟商業與未來的秘密', '27.00', '24.00', '1.jpg', '一位傳奇的創投教父，一部開啟秘密的商業之作，一部事關所有人的生存哲學：\r\n《從0到1》作者彼得蒂爾為首的“PayPal黑幫”開創了矽谷的新格局，他本身就是一部商業傳奇！\r\n他是Facebook**位外部投資人，投資了Tesla（特斯拉）、LinkedIn（領英）、SpaceX、Yelp等企業。他創立的數據分析公司Palantir市值約150億美元。\r\n在《從0到1》中，矽谷投資家彼得蒂爾將創業心法**手分享，在網絡上造成560000人訪問、2400000次的點擊率，引起全球瘋傳！\r\n中美互聯網界大佬集體追捧，2015創投極客論壇持續熱議！\r\n周鴻?（中國互聯網安全之父）對話彼得蒂爾，警惕“大數據”變“大忽悠”。\r\n徐小平（真格基金創始合夥人）稱彼得蒂爾是改變世界的逆行者。\r\n吳伯凡（《21世紀商業評論》發行人）：對於投資者來說找鯊魚苗是非常重要的。\r\n牛文文（《創業家》雜志總編輯）：《從0到1》讓普通人變成創業者。\r\n唐彬（易寶支付CEO）：互聯網進入深水區，從0到1帶來*好的創業的時代。\r\n徐新（今日資本創始人）對話彼得蒂爾：贏家都有殺手本能。\r\n余晨（易寶支付聯合創始人）：《從0到1》是近年來*好的商業書籍，沒有之一！\r\n埃隆馬斯克、馬克紮克伯格、馬克安德森、納西姆塔勒布、雷軍、傅盛、羅振宇、金錯刀、楊守彬等商界領軍人物，新浪、搜狐、網易、中國經濟網、和訊網、南方網、環球網、鈦媒體、36氪、中國新聞網、i黑馬、虎嗅網、正和島等持續報道，《對話》《創業家》《老友記》《羅輯思維》《三聯生活周刊》《商業周刊》《北京青年報》《環球人物》《博客天下》《**財經周刊》《南方人物周刊》《經濟觀察報》等強勢媒體鼎力推薦！\r\n《從0到1》揭開創新的秘密，糾正創業上的眾多偏見：\r\n創新不是從1到N，而是從0到1；\r\n全球化並不全是進步；\r\n競爭扼殺創新；\r\n“產品會說話”是謊言；\r\n失敗者才去競爭，創業者應當選擇壟斷；\r\n創業開局十分重要，“頻繁試錯”是錯誤的；\r\n沒有科技公司可以僅靠品牌吃飯；\r\n初創公司要打造幫派文化。', '1', '0', '2016-07-20 09:58:53', '16', '27', '14');
INSERT INTO `goods` VALUES ('3', '商海悟道：商亦有道，大道至簡', '33.10', '30.10', '2.jpg', '商亦有道 大道至簡\r\n字字都是經典 字字都是精華\r\n4年濃縮的生命真諦\r\n68000人傳閱的商業智慧\r\n\r\n50000 粉絲追捧的管理智慧\r\n創業、戰略、經營、管理、營銷、員工\r\n資源整合、成功、社交、生活、兩性、佛法\r\n困擾你的一切，這里都有答案！', '1', '0', '2016-07-20 10:10:38', '4', '27', '14');
INSERT INTO `goods` VALUES ('4', '影響力（經典版）', '33.80', '30.00', '3.jpg', '[圖書賣點]\r\n風靡全球二十載，***強大、*詭譎、*震懾人心的心理學暢銷書！\r\n《財富》雜志鼎力推薦的75本商業必讀書之一！\r\n沒有專家解讀，沒有每章導讀，這是*原汁原味的《影響力》！\r\n《牛奶可樂經濟學》譯者擔綱翻譯，全新譯本，不容錯過！\r\n[編輯推薦]\r\n如果你是營銷、銷售工作從事者，《影響力》是你應該從頭到尾仔細閱讀的**本書；如果你是新聞媒體工作者，請先讀第4章，了解社會大眾受媒體報道的影響所作出的模仿舉動，為你以後再次報道此類事件提供三思而後行的參考；如果你是普通人，請你一定仔細閱讀並牢記第4章中的一些內容，學會在緊急情況下如何呼救，不要因為不確定性而成為犧牲品；如果你想了解自己影響他人的水平到底如何，可以先做做第1章的影響力水平測試。', '1', '0', '2016-07-20 10:12:00', '0', '27', '14');
INSERT INTO `goods` VALUES ('5', '離經叛道 不按常理出牌的人如何改變世界', '36.80', '30.00', '4.jpg', '2016年4月，一個擁有謎一樣的微笑、留著X教授發型的男子，帶著他的新書《離經叛道》（Originals）來到TED，分享了一次題為《原創思維者的驚人特質》的演講（演講內容即本書*、四兩章）。沒想到，短短15分鐘的演講人氣爆棚，已經躍升為TED有史以來*受歡迎的分享之一。視頻傳入國內，一個多月的時間，僅在優酷和網易公開課平台就累積了近100萬的點擊量。到底有多讚？話不多說，視頻直接上！\r\nhttp://v.youku.com/v_show/id_XMTU3NjM1MzA1Mg==.html?from=y1.9-3.1\r\n這本新作，厲害了！\r\n\r\n★《異類》作者 馬爾科姆?格拉德威爾\r\n★ Facebook首席運營官、《向前一步》作者 謝麗爾?桑德伯格\r\n★ Paypal聯合創始人、《從0到1》作者 彼得?蒂爾\r\n★ 維珍集團創始人 理查德?布蘭森\r\n★《赫芬頓郵報創始人兼總編輯 阿里安娜?赫芬頓\r\n★《驅動力》《全新思維》作者 丹尼爾?平克\r\n★《星際迷航》《星球大戰》導演、壞機器人制片公司聯合創始人 J.J. 艾布拉姆斯\r\n★ 前雅虎營銷總裁、《紫牛》作者 塞斯?高汀', '1', '0', '2016-07-20 10:13:06', '0', '27', '14');
INSERT INTO `goods` VALUES ('6', '管理就是定制度走流程：企業制度與流程設計', '40.00', '30.00', '5.jpg', '1、管理的瓶頸不在於管理者的水平，而在於制度是否完善合理，流程是否規範高效。制度 流程，無疑是破解企業管理難題的兩個點，本書將這兩個點結合在一起，讓好的制度管人，讓好的流程管事。\r\n2、本書是作者多年來咨詢培訓經驗的總結，可覆制、借鑒，效果明顯；本書以各種制度、流程圖表、方法、工具為核心，簡單實用；隨書附贈企業制度與流程設計工具光盤，讀者可根據企業具體情況簡單修改、拿來即用。\r\n3、本書的受眾群體為渴望改進或建立完善企業制度和簡單高效流程的廣大管理人士，亦可作為制度設計與流程管理的*培訓教材，達到節省企業運營成本、提升執行效率、徹底解放管理者的目的。', '1', '0', '2016-07-20 10:14:24', '6', '27', '14');
INSERT INTO `goods` VALUES ('7', '行動的勇氣：金融危機及其余波回憶錄', '58.50', '50.00', '6.jpg', '《行動的勇氣》，全面闡釋伯南克直面風險與拯救危局的金融哲學，是對經濟危機救贖內幕前所未有的披露，以及他對金融政策的深入思考和現實考量。\r\n2006年，伯南克被任命為美聯儲主席。從南卡羅來納州的小鎮到聲譽卓著的學術殿堂，再到擔任公職，伯南克個人的職業生涯可謂達到了一個意想不到的巔峰。\r\n他根本無暇慶賀。\r\n2007年，房地產泡沫破裂，全球金融系統的內在缺陷暴露無遺，一度瀕臨崩潰。從投行貝爾斯登的崩潰到對保險業巨頭AIG開展空前救助，伯南克及其團隊殫精竭慮，采取一切可用工具，遏制金融危機蔓延態勢，使得美國乃至世界經濟得以持續運轉。\r\n公眾對華爾街的貪婪義憤填膺。伯南克及其團隊承受了巨大壓力，但他們在兩位總統的積極支持下，終於成功地讓一個搖搖欲墜的金融體系恢覆了穩定。一旦美國經濟徹底崩潰，規模與後果將不堪設想，但伯南克等人以非凡的創意和決心力挽狂瀾。他們提出了一系列非傳統的救助工具，幫助了美國經濟的覆蘇，開創了令其他國家競相效仿的模式。\r\n《行動的勇氣》記錄和闡釋了大蕭條以來最糟糕的金融危機和經濟衰退，並以內部人士的視角回顧了華盛頓的應對政策，全面翔實地披露了決策過程的細節，栩栩如生地刻畫了主要人物的個人形象，同時也梳理了伯南克在專業背景下對金融政策和工具的思考與反思。', '1', '0', '2016-07-20 10:18:19', '0', '28', '14');
INSERT INTO `goods` VALUES ('8', '投融資那點事', '30.80', '26.80', '7.jpg', '賺錢容易的時代漸行漸遠，如果還是靠膽識和運氣賺錢，上帝昨天賜給你的財富，明天他仍可能收回去。大刀闊斧、激流勇進是年輕人的想法，一個人成熟的標志是在忍耐中懂得選擇和放棄。在投融資決策中，關注收益，更要關注風險，不能學年輕人的“閃婚”，而是要用成年人“二婚”的心態來謹慎對待投融資。\r\n打麻將，必須學會吃別人的牌，否則很難贏牌。做企業也是同樣的道理，發展到一定階段，需要通過投資和融資的方式引入戰略合作夥伴，否則閉門造車，事業難以做大。\r\n做企業是一種資源整合遊戲，你能在多大半徑內整合資源，就能幹成多大的事。股東、團隊、供應商、客戶是一個公司的核心資源，你的整合半徑有多大決定了你能做成多大的事！\r\n金融資本青睞的是外延式做大型企業，而不是內涵式做強型企業。前者能夠描繪出巨大的成長空間，高調激進，劍走偏鋒。這種風格迎合了金融資本鞭打快牛、拔苗助長、賠一賺十的博弈心態。\r\n融資不是“乞討”，投資者也不會因為可憐你，就答應投資。如果一個投資者答應投資給你，肯定是覺得有利可圖。換個角度說，你去融資，不是投資者施惠於你，而是你為他提供了賺錢的機會。\r\n婚姻是兩個人的結合，而不是房子和汽車的結合。丈母娘經濟學的誤區就是“只認錢、不認人”。同樣的道理，合資本質上是兩群人的結合，不是廠房和設備的結合。在當今中國的商業環境下，好項目難找，好人更難找。\r\n對於企業投融資而言，僅僅實現資產與資金的結合是遠遠不夠的，還需要各方對戰略、業務、制度、人力資源和文化等所有企業要素進行進一步的整合，實現雙方的完全融合，並產生預期的效益，才算真正實現了合資的目標。', '1', '1', '2016-07-20 10:20:10', '1', '28', '14');
INSERT INTO `goods` VALUES ('9', '世界是部金融史', '31.20', '30.20', '8.jpg', '本書以時間為綱，以國家、人物、事件為目，圍繞金融這個核心，采用詼諧生動的語言，將希臘、羅馬、法蘭西、西班牙、荷蘭、日不落帝國、美國、克洛維、查理一世、約翰?勞、摩根、索羅斯、六一農、郁金香、南海事件、次貸危機等這些牛國、牛人以及牛事一一展現，並緊扣當前“美元量化寬松”“人民幣升值”“通貨膨脹”等金融熱點，讀之讓人知行獲益。\r\n融的力量\r\n破解金融的密碼，回答金融的走向\r\n金融是個好東西，人人都該補點金融史\r\n要麽懂得金融戰略，要麽受困金融陰謀', '1', '0', '2016-07-20 10:24:51', '0', '28', '14');
INSERT INTO `goods` VALUES ('10', '中國式眾籌：互聯網革命的下半場', '36.80', '30.80', '9.jpg', '中國式眾籌是以楊勇為代表的一批北大人率先發起的一場社會創新行動。2013年10月，楊勇牽頭眾籌的北大1898咖啡館開業，標志著基於中國人圈層文化特點、完全不同於西方陌生人眾籌的熟人圈眾籌模式成功落地。兩年間，楊勇與馬化騰、任志強、劉永好、馬蔚華、熊曉鴿等各界精英15000余人面對面碰撞吸納智慧，與證監會、央行、北大國發院、清華大學五道口金融學院、中信集團、華夏同學會等數十家政、商、學機構深度分享交流，受到廣泛歡迎，並先後成功推出金融客咖啡、佳美兒童口腔醫院、經心書院、花色優品等眾籌項目及全球首單人才眾籌――楊勇人才IPO。同時還有F1賽車、商學院、慈善公益等重大眾籌項目及數十條咖啡館眾籌線持續推進中。\r\n楊勇首倡的中國式眾籌是在眾創實踐中產生的重大理論創新，是經系列案例驗證的模式創新，為大眾創業提供了落地利器，為萬眾創新賦予強大引擎。熟人圈眾籌，把創業項目所需資源提前鎖定為股東，構建投資者、消費者、推廣者三合一的利益共同體，大大提高了創業成功率；它解決了互聯網時代“信息太多，信任太少”的信用難題，促成人群的深度鏈接，共投共創共享的模式讓創業、創新不再是難事！\r\n著名學者、企業家陳春花教授在序言中寄語讀者：“希望透過本書，你可以成為時代的弄潮兒！”', '1', '0', '2016-07-20 10:26:06', '0', '28', '14');
INSERT INTO `goods` VALUES ('11', '商業冒險：華爾街的12個經典故事', '40.70', '30.70', '10.jpg', '推薦收藏：\r\n商業冒險（精裝典藏版）\r\n《商業冒險》上市以來，席卷美國、英國、歐洲、日本、台灣各地暢銷榜，是2014-2015年度全球重要、非常暢銷的財經商業書之一。巴菲特將此書推薦給比爾?蓋茨，蓋茨看後評價說：“《商業冒險》是我讀過的特別好的商業書，約翰?布魯克斯是我很喜愛的商業作家。”在比爾?蓋茨“2014年推薦書目中”、“TED大會必讀書目”第 一名，此外更獲得了多家媒體“企業家必讀書目”、“年度注目圖書”等獎項。\r\n這本書敘述了12家企業/機構的冒險時刻，在危險與機會並存的時刻，這些企業家用全身心的智慧去運籌，用*無畏的精神迎戰，有人折戟沈沙，有人高奏凱歌，有人功敗垂成，有人知恥後勇。\r\n商業舞台上每天都上演著這樣悲壯或輝煌的戲劇，商業的成功都來自冒險，而失敗都源於無知。', '1', '0', '2016-07-20 10:27:22', '0', '28', '14');
INSERT INTO `goods` VALUES ('12', '人力資源管理必備制度與表格範例', '28.00', '22.00', '11.jpg', '推薦一《人力資源管理必備制度與表格範例》――融入微信掃一掃，富有新意\r\n《人力資源管理必備制度與表格範例》融入了微信掃一掃，打破了傳統書籍受頁數限制不能呈現太多內容的弊端，將書中所涉及到的制度與表格制成電子表格存放在雲空間中，通過微信掃一掃便能輕松下載，可直接使用或稍微修改一下使用，非常方便，能大大提升工作效率。\r\n推薦二《人力資源管理必備制度與表格範例》――管理制度與表格更加標準\r\n《人力資源管理必備制度與表格範例》延續人力資源管理的六大基礎模塊，分為六章，在每個章節中注入新元素，如根據新規定、行業動態選取新的制度、表格等。並且對制度、表格進行了標準化設計，更加規範、統一，方便大家理解、使用；同時將與每種制度緊密相關的表格放在相應的制度之後，增強了制度的針對性和可執行性，更加科學、標準，大大提升了實際執行的效果。\r\n推薦三《人力資源管理必備制度與表格範例》――雙色排版，內容設計思路清晰\r\n《人力資源管理必備制度與表格範例》專門對規劃、招聘與配置、培訓與開發、薪酬與福利、勞動關系管理這六大模塊的內容進行設計，以制度與圖表的方式交互呈現，並采用雙色排版，簡潔明了。', '1', '0', '2016-07-20 10:29:44', '0', '29', '14');
INSERT INTO `goods` VALUES ('13', '不懂說話，你怎麽帶團隊？', '18.50', '16.50', '12.jpg', '用一句話成功引導下屬。看似微不足道的一個措辭，既有可能讓下屬幹勁十足地主動投入工作，也有可能令下屬陷入沮喪。\r\n本書配合事例，針對不同場合??附和、詢問、誇獎、委托、鼓勵、傳達、責備??進行講解，教我們如何采取合適的措辭，如何用一句話拯救陷入困境中的下屬。', '1', '0', '2016-07-20 10:31:56', '0', '29', '14');
INSERT INTO `goods` VALUES ('14', '工匠精神', '20.00', '15.00', '13.jpg', '　付守永，中國價值型企業研究中心高級研究員\r\n　　價值型企業理論體系的創建者、實踐者、傳播者\r\n　　曾任世界500強企業高級管理者，３年時間帶領1500人的團隊締造30億元的銷售神話！\r\n　　德勝洋樓（蘇州）特邀觀察員\r\n　　北京大學匯豐商學院專家顧問導師\r\n　　被業界譽為“用生命演講的人”\r\n　　客戶評價：\r\n　　震撼、顛覆、系統、實效\r\n　　付守永老師的人生使命：\r\n　　培養價值型企業家，構建價值型企業；\r\n　　傳播“工匠精神”，重塑組織生命力！\r\n　　10余年來，付守永老師一直奮鬥在管理實踐、咨詢、教育、研究一線，是深受企業家喜愛的實戰派專家導師。', '1', '0', '2016-07-20 10:34:32', '0', '29', '14');
INSERT INTO `goods` VALUES ('15', '歸屬感：創造一個員工想要歸屬其中的組織', '33.80', '30.80', '14.jpg', '所謂領導力，就是創造一個員工想要歸屬其中的組織的能力。\r\n\r\n*歸屬感之描繪願景\r\n願景不是“你要成為什麽”，而是“你能為組織之外的事物做什麽”。\r\n*歸屬感之規劃路線\r\n戰略規劃應該這樣做：先評估期望狀態，再評估當前狀態與預期狀態之間的關系，最後確定由各個過度狀態形成的通往預期狀態的路徑。\r\n*歸屬感之全面思考\r\n用夢想家的思維描繪願景，用實幹家的思維設計行動，用批評家的思維防範風險。\r\n*歸屬感之增強信念\r\n對於目標和個人能力的信念，會影響到人們在應對新的情況或困難時願意付出多大的努力，會努力多長時間。\r\n*歸屬感之整合溝通\r\n領導者要懂得檢測和管理他人的狀態。一個人的狀態會表現在他的語言和非語言信息上', '1', '0', '2016-07-20 10:39:48', '0', '29', '14');
INSERT INTO `goods` VALUES ('16', '人力資源管理實用必備全書', '18.60', '16.60', '15.jpg', '人力資源是知識經濟時代的首要資源。人力資源管理不僅是一門專業，更是一門藝術。本書涵蓋人力資源管理制度、企業人員崗位職責、員工招聘與錄用管理、績效管理、薪酬管理、員工培訓與職業發展等方面內容，分別從管理制度、流程、表格等角度，規範常用的操作流程，為企業管理者提供兼具針對性、實用性與操作性的管理方案，集知識、技能、工具於一體，是一套案頭必備的實用管理全書。', '1', '0', '2016-07-20 10:40:43', '0', '29', '14');
INSERT INTO `goods` VALUES ('17', 'SIEMENS/西門子 KA62DS50TI', '18800.00', '18500.00', '16.jpg', '顏色星空黑（玻璃門）\r\n容積-冷凍室（升）179\r\n容積-冷藏室（升）355\r\n容積-總容積（升）534\r\n外形尺寸 (高×寬×厚)1750cm×910cm×770cm(高×寬×厚)\r\n控制面板門上控制/LCD\r\n速冷、速凍功能√\r\n開門報警√\r\n制冷劑R600a\r\n技術數據-氣候類別SN-T\r\n控制方式電腦\r\n觸摸按鍵√\r\n按鍵鎖定√\r\n升溫報警√\r\n制冷方式風冷\r\n制冷循環雙循環\r\n技術數據-冷凍能力(kg/24h)12\r\n技術數據-耗電量(kwh/24h)1.26*\r\n零度變溫室√\r\n變頻壓縮機√\r\n能耗等級1級\r\n制冰方式自動制冰', '1', '0', '2016-07-20 10:43:27', '0', '30', '15');
INSERT INTO `goods` VALUES ('18', 'Bosch/博世 KAD63P70TI', '23672.00', '23399.00', '17.jpg', '抗指紋不銹鋼設計，時尚酷炫外觀\r\n領先的“並聯雙循環”技術，提升冷藏室濕度，避免食物串味\r\n先進模糊控制技術，實現冷量優化匹配\r\n風冷全無霜技術，再無冰霜煩惱\r\n自動制冰機，滿足冰塊、碎冰、冰水三重需求\r\n一體式無框吧台，隨時邂逅清涼\r\n獨立維他保鮮室，對開門也能實現“維他保鮮”\r\n特設控濕抽屜，濕度控制更精確\r\n背光LED照明，綠色節能，極致大氣風格\r\n顏色：抗指紋不銹鋼\r\nLCD觸摸屏\r\n機器尺寸(寬x厚x高)(厘米)：91x77x175.5\r\n總使用容量(升)：528\r\n冷凍室使用容量(升)：179\r\n冷藏室使用容量(升)：349\r\n其中冷藏室含維他保鮮區容積(升)：19\r\n能源效率等級：1', '1', '0', '2016-07-20 10:45:55', '0', '30', '15');
INSERT INTO `goods` VALUES ('19', 'Ronshen/容聲 BCD-202M/TX6', '1178.00', '1000.00', '18.jpg', '容聲冰箱型號: BCD-202M/TX6冷凍室容積: 53L冷藏室容積: 103L凈重: 62kg包裝尺寸: 545x600x1703mm噪聲: 38dB堆碼層數極限: 2層尺寸: 545x600x1703mm總容量: 202L總容量範圍: 181-210升智能類型: 不支持智能最大容積: 202L毛重: 65kg耗電量: 0.47Kwh/24h采購地: 中國大陸冰箱冷櫃機型: 冷藏冷凍冰箱制冷方式: 直冷箱門結構: 三門式面板類型: VCM覆膜板能效等級: 一級售後服務: 全國聯保顏色分類: 拉絲銀制冷控制系統: 機械溫控', '1', '0', '2016-07-20 10:46:55', '0', '30', '15');
INSERT INTO `goods` VALUES ('20', 'Midea/美的 BCD-551WKM', '2599.00', '2299.00', '19.jpg', '美的冰箱型號: BCD-551WKM冷凍室容積: 206L冷藏室容積: 345L噪聲: 43dB堆碼層數極限: 2層總容量範圍: 501-600升智能類型: 其他智能最大容積: 551L耗電量: 1.05Kwh/24h采購地: 中國大陸冰箱冷櫃機型: 冷藏冷凍冰箱制冷方式: 風冷箱門結構: 對開雙門式面板類型: pet能效等級: 一級售後服務: 全國聯保同城服務: 同城物流送貨上門顏色分類: A級輕瑕疵 紅色制冷控制系統: 電腦溫控', '1', '0', '2016-07-20 10:47:48', '0', '30', '15');
INSERT INTO `goods` VALUES ('21', '海爾四開門冰箱 BCD-620WDGF', '6999.00', '6699.00', '20.jpg', '冰箱冰櫃品牌: Haier/海爾海爾冰箱型號: 全新正品 海爾四開門冰箱BCD-620WDGF 620立升冰箱總容量範圍: >600升智能類型: 其他智能采購地: 中國大陸制冷方式: 風冷箱門結構: 多門式面板類型: 鋼化玻璃面板能效等級: 一級顏色分類: BCD-620WDGF', '1', '0', '2016-07-20 10:49:30', '0', '30', '15');
INSERT INTO `goods` VALUES ('22', 'Samsung/三星 UA40JU5920CXXZ', '3399.00', '3199.00', '21.jpg', '證書編號：2015010808758923證書狀態：有效申請人名稱：三星電子株式會社制造商名稱：天津三星電子有限公司產品名稱：液晶彩色電視機 品牌: Samsung/三星 型號: UA40JU5920CXXZ分辨率: 3840x21603D類型: 無能效等級: 三級網絡連接方式: 全部支持操作系統: 安卓', '1', '0', '2016-07-20 10:50:35', '0', '31', '15');
INSERT INTO `goods` VALUES ('23', 'Philips/飛利浦 55PUF6031/T3', '2999.00', '2699.00', '22.jpg', '證書編號：2014010808723913證書狀態：有效產品名稱：LED背光源液晶電視，LED背光源網絡電視，LED背光源智能電視產品名稱：Philips/飛利浦 55PUF603...品牌: Philips/飛利浦飛利浦LED型號: 55PUF6031/T3分辨率: 3840x21603D類型: 無能效等級: 二級網絡連接方式: 無線連接操作系統: 安卓', '1', '0', '2016-07-20 10:51:57', '0', '31', '15');
INSERT INTO `goods` VALUES ('24', 'Hisense/海信 LED55EC520UA', '3049.00', '3000.00', '23.jpg', '證書編號：2015010808787658證書狀態：有效申請人名稱：青島海信電器股份有限公司制造商名稱：青島海信電器股份有限公司產品名稱：液晶電視3C產品型號：LED55EC520UA：220VAC 50Hz 170W產品名稱：Hisense/海信 LED55EC520...品牌: Hisense/海信型號: LED55EC520UA分辨率: 3840x21603D類型: 無能效等級: 無網絡連接方式: 全部支持操作系統: 安卓', '1', '0', '2016-07-20 10:52:58', '0', '31', '15');
INSERT INTO `goods` VALUES ('25', 'MIUI/小米 55英寸套裝', '3699.00', '3199.00', '24.jpg', '證書編號：2015010808807283證書狀態：有效申請人名稱：北京小米電子產品有限公司制造商名稱：北京小米電子產品有限公司產品名稱：小米電視3C產品型號：L55M4-AA AC100-240W 50/60Hz 180W產品名稱：MIUI/小米 小米電視2 55英...品牌: Xiaomi/小米型號: 小米電視2 55英寸分辨率: 3840x21603D類型: 無能效等級: 三級網絡連接方式: 全部支持操作系統: MIUI TV', '1', '0', '2016-07-20 10:54:58', '0', '31', '15');
INSERT INTO `goods` VALUES ('26', 'Sony/索尼 KD-55X9000C', '9999.00', '9000.00', '25.jpg', '證書編號：2015010808769326證書狀態：有效申請人名稱：上海索廣映像有限公司制造商名稱：上海索廣映像有限公司產品名稱：電視機3C產品型號：KD-55X9000C ：220VAC 50Hz 241W產品名稱：Sony/索尼 KD-55X9000C品牌: Sony/索尼索尼LED型號: KD-55X9000C分辨率: 3840x21603D類型: 偏光式3D能效等級: 三級網絡連接方式: 全部支持操作系統: 安卓', '1', '0', '2016-07-20 10:56:21', '0', '31', '15');
INSERT INTO `goods` VALUES ('27', 'Samsung/三星 WD80J6413AW', '4299.00', '4099.00', '26.jpg', '證書編號：2014010705746604證書狀態：有效申請人名稱：蘇州三星電子有限公司制造商名稱：蘇州三星電子有限公司產品名稱：全自動滾筒洗衣機3C產品型號：WW80J6413CW(XQG80-80J6413CW), WW80J6410CX(XQG80-80...產品名稱：Samsung/三星 WD80J6413A...洗衣機品牌: Samsung/三星三星洗衣機型號: WD80J6413AW(XQG80-80J6413AW))產品類型: 洗烘一體機使用方式: 全自動洗衣程序: 精細織物 襯衫,內衣,窗簾,護膚,羽絨服 羊毛洗 大件洗 化纖洗 棉麻洗 快洗 預洗 單漂 單甩 強力洗 牛仔洗 標準洗 筒自潔能效等級: 一級電機類型: 變頻電機', '1', '0', '2016-07-20 10:57:39', '0', '32', '15');
INSERT INTO `goods` VALUES ('28', 'SIEMENS/西門子 XQG80-WM12N1C80W', '3999.00', '3599.00', '27.jpg', '證書編號：2015010705784184證書狀態：有效申請人名稱：博西威家用電器有限公司制造商名稱：博西威家用電器有限公司產品名稱：全自動滾筒式洗衣機3C產品型號：XQG70-WM10N0600W, XQG70-WM10N0R80W, XQG70-WM10N0C8...產品名稱：SIEMENS/西門子 XQG80-W...洗衣機品牌: SIEMENS/西門子型號: XQG80-WM12N1C80W產品類型: 滾筒洗衣機使用方式: 全自動洗衣程序: 襯衫,內衣,窗簾,護膚,羽絨服 防過敏洗 羽絨服洗、羊毛洗、混合洗 羊毛洗 大件洗 化纖洗 棉麻洗 快洗 預洗 單漂 單排 真絲洗 牛仔洗 抗菌洗 筒自潔能效等級: 一級電機類型: 變頻電機', '1', '0', '2016-07-20 10:58:36', '0', '32', '15');
INSERT INTO `goods` VALUES ('29', 'LG WD-HH2430D', '2299.00', '2099.00', '28.jpg', '證書編號：2015010705764495證書狀態：有效申請人名稱：南京樂金熊貓電器有限公司制造商名稱：南京樂金熊貓電器有限公司產品名稱：全自動滾筒洗衣機3C產品型號：WD-T14415D, WD-T12415D, WD-T14410DM, WD-T14410DL, ...產品名稱：LG WD-HH2430D洗衣機品牌: LG型號: WD-HH2430D產品類型: 滾筒洗衣機使用方式: 全自動洗衣程序: 羊毛洗 大件洗 化纖洗 棉麻洗 快洗 強力洗 筒自潔能效等級: 一級電機類型: DD變頻直驅電機', '1', '0', '2016-07-20 11:00:27', '0', '32', '15');
INSERT INTO `goods` VALUES ('30', 'TCL XQG80-F12102TB', '1699.00', '1399.00', '29.jpg', '證書編號：2015010705776204證書狀態：有效產品名稱：滾筒式全自動洗衣機產品名稱：TCL XQG80-F12102TB洗衣機品牌: TCL型號: XQG80-F12102TB產品類型: 滾筒洗衣機使用方式: 全自動洗衣程序: 羊毛洗 化纖洗 棉麻洗 快洗 單甩 強力洗 筒自潔能效等級: 一級電機類型: 變頻電機', '1', '0', '2016-07-20 11:01:39', '0', '32', '15');
INSERT INTO `goods` VALUES ('31', 'Bosch/博世 XQG80-WDG244601W', '5590.00', '5490.00', '30.jpg', '證書編號：2014010705729421證書狀態：有效申請人名稱：博西華電器(江蘇)有限公司制造商名稱：博西華電器(江蘇)有限公司產品名稱：全自動滾筒式洗衣幹衣機3C產品型號：XQG80-WDG244601W, XQG80-WDG244681W, 220V～ 50Hz 洗滌/...產品名稱：Bosch/博世 XQG80-WDG24...洗衣機品牌: Bosch/博世型號: XQG80-WDG244601W產品類型: 洗烘一體機使用方式: 全自動洗衣程序: 羊毛洗 棉麻洗 快洗 單漂 烘幹 抗菌洗能效等級: 一級電機類型: 變頻電機', '1', '0', '2016-07-20 11:02:43', '0', '32', '15');
INSERT INTO `goods` VALUES ('32', '七匹狼夾克 秋裝新款中年男士翻領茄克衫外套jacket', '439.00', '409.00', '31.jpg', '材質成分：聚酯纖維100%貨號：111510101432銷售渠道類型：商場同款(線上線下都銷售)面料分類：滌綸品牌：Septwolves/七匹狼厚薄：常規基礎風格：商務紳士', '1', '0', '2016-07-20 11:04:26', '0', '33', '16');
INSERT INTO `goods` VALUES ('33', '太平鳥男裝 新款青年薄外套韓版潮流飛行員夾克男BWBC63202', '439.00', '409.00', '32.jpg', '材質成分：聚酯纖維100%貨號：BWBC63202銷售渠道類型：純電商(只在線上銷售)面料分類：滌綸品牌：PEACEBIRD/太平鳥厚薄：常規基礎風格：時尚都市', '1', '1', '2016-07-20 11:06:02', '0', '33', '16');
INSERT INTO `goods` VALUES ('34', '勁霸男裝 夾克外套BKDU1120', '599.00', '499.00', '33.jpg', '貨號：BKDU1120品牌：K-boxing/勁霸厚薄：常規基礎風格：時尚都市  領型：立領  版型：修身  下擺設計：本布下擺', '1', '1', '2016-07-20 11:07:22', '0', '33', '16');
INSERT INTO `goods` VALUES ('35', '柒牌 商務休閒男茄克703K2662', '169.00', '149.00', '34.jpg', '材質成分：聚酯纖維100%貨號：703K2662面料分類：滌綸品牌：seven7/柒牌厚薄：常規基礎風格：時尚都市', '1', '0', '2016-07-20 11:08:38', '0', '33', '16');
INSERT INTO `goods` VALUES ('36', 'JackJones傑克瓊 夾克外套S|216121074', '799.00', '769.00', '35.jpg', '材質成分：粘膠纖維(粘纖)69% 聚酯纖維13% 棉12% 金屬纖維6%貨號：216121074銷售渠道類型：商場同款(線上線下都銷售)面料分類：PU皮品牌：Jack Jones/傑克瓊斯厚薄：常規基礎風格：時尚都市', '1', '0', '2016-07-20 11:09:51', '0', '33', '16');
INSERT INTO `goods` VALUES ('37', 'ZARA 女裝 寬松長褲 02479149401', '139.00', '109.00', '36.jpg', '材質成分: 聚酯纖維100%褲長: 長褲銷售 貨號: 02479149401-20女褲褲型: 闊腿褲女褲腰高: 自然腰顏色分類: 藍色品牌: ZARA尺寸: XS (160/62A) S (165/66A) M (170/70A) L (175/78A)服裝款式細節: 印染厚薄: 常規', '1', '0', '2016-07-20 11:12:04', '0', '34', '16');
INSERT INTO `goods` VALUES ('38', '樂町 新款女裝潮破洞短褲', '139.00', '109.00', '37.jpg', '材質成分: 棉98.5% 聚氨酯彈性纖維(氨綸)1.5%褲長: 短褲 貨號: CWGC61651女褲褲型: 直筒褲女褲腰高: 高腰面料: 棉布風格: 甜美甜美: 日系顏色分類: 白色品牌: 樂町尺寸: 155/S 160/M 165/L成分含量: 96%及以上服裝款式細節: 手工磨破厚薄: 常規', '1', '0', '2016-07-20 11:13:03', '0', '34', '16');
INSERT INTO `goods` VALUES ('39', '無印良品 MUJI', '149.00', '119.00', '38.jpg', '材質成分: 亞麻100%褲長: 七分褲 貨號: W6SE432女褲褲型: 直筒褲女褲 腰高: 自然腰 顏色分類: 淺灰色 生成色 卡其綠 深藍色 品牌: MUJI/無印良品 尺寸: S M L', '1', '0', '2016-07-20 11:14:48', '0', '34', '16');
INSERT INTO `goods` VALUES ('40', 'Vero Moda 雪紡吊帶九分闊腿連體褲|316144024', '349.50', '300.00', '39.jpg', '材質成分: 聚酯纖維100%褲長: 九分褲貨號: 316144024女褲褲型: 闊腿褲女褲腰高: 自然腰面料: 其他風格: 通勤通勤: OL風格顏色分類: 010黑 023本白 070紅品牌: Vero Moda尺寸: 155/60A/XSR 160/64A/SR 165/68A/MR 170/72A/LR 175/76A/XLR 180/80A/XXLR成分含量: 96%及以上厚薄: 常規', '1', '0', '2016-07-20 11:15:57', '0', '34', '16');
INSERT INTO `goods` VALUES ('41', 'Amii[極簡主義]休閒短褲女11670440', '149.00', '129.00', '40.jpg', '材質成分: 聚酯纖維100%褲長: 短褲貨號: 11670440女褲褲型: 直筒褲女褲腰高: 高腰風格: 通勤通勤: 簡約顏色分類: 米白 深藍 黑色品牌: Amii尺寸: XS S M L XL XXL XXXL成分含量: 96%及以上厚薄: 常規', '1', '0', '2016-07-20 11:17:06', '2', '34', '16');
INSERT INTO `goods` VALUES ('42', '齊齊熊 寶寶背心套裝', '32.00', '29.00', '41.jpg', '品牌: CICIIBEAR/齊齊熊安全等級: 其他材質成分: 棉100%貨號: QQ1668適用性別: 中性顏色分類: 每日前200名包郵！ 1668鴿子粉 1668鴿子藍 1051小馬白色 1751汽車白 1751汽車黃參考身高: 66cm(6M參考身高56-62cm) 73cm(12M參考身高64-70cm) 80cm(18M參考身高72-78cm) 90cm(24M參考身高80-86cm) 100cm(36M參考身高88-94cm) 110cm(48M參考身高96-104cm) 120cm(60M參考身高106-114cm)模特實拍: 實拍有模特適用場景: 愛意表達按關系送禮: 孩子是否帶帽子: 無組合形式: 無袖+褲子面料: 純棉(95%及以上)厚薄: 常規適用季節: 夏季風格: 其他衣門襟: 套頭圖案: 卡通動漫件數: 2件', '1', '1', '2016-07-20 11:18:48', '0', '35', '16');
INSERT INTO `goods` VALUES ('43', '優貝宜 短袖T恤套裝', '36.80', '30.00', '42.jpg', '品牌: Yobeyi/優貝宜安全等級: A類材質成分: 棉96% 聚氨酯彈性纖維(氨綸)4%貨號: Y15282101適用性別: 中性顏色分類: 條紋貓頭 圍巾狗 面具 卡通大眼鏡 卡通隊長 高帽先生 小小熊 雪糕 小象灰 爆米花 熊 胡子 英文參考身高: 73cm 80cm 90cm 100cm 110cm 120cm 130cm 140cm 150cm 160cm 165cm模特實拍: 實拍無模特適用場景: 愛意表達按關系送禮: 孩子是否帶帽子: 無組合形式: 其他面料: 純棉(95%及以上)厚薄: 薄款適用季節: 夏季風格: 休閒衣門襟: 套頭圖案: 卡通動漫件數: 2件', '1', '1', '2016-07-20 11:20:07', '0', '35', '16');
INSERT INTO `goods` VALUES ('44', 'TAGA兒童運動套裝潮圓領2件套', '69.90', '69.90', '43.jpg', '品牌: TAGA安全等級: B類材質成分: 棉95% 聚氨酯彈性纖維(氨綸)5%貨號: TG2K0745適用性別: 男顏色分類: 花灰0745 淺藍0745 米白0732 花灰0732 淺花灰0761 淺藍0734 花灰0734 陽光黃0745 陽光黃0734 米白色0734 米白0761參考身高: 100cm【2016夏款主打套裝上市】 110cm【夏季新品時尚印花潮流百搭】 120cm【多重款式盡情挑選】 130cm【圓領純棉套裝 一套搞定所有】 140cm【 特色印染技術 印花不脫落不掉色】 150cm【 購買搭配套餐更劃算更實惠】 160cm【主打套裝庫存限量務必抓緊購買】模特實拍: 實拍無模特適用場景: 愛意表達按關系送禮: 孩子是否帶帽子: 有帽可拆組合形式: 短袖+褲子面料: 純棉(95%及以上)厚薄: 薄款適用季節: 夏季風格: 休閒衣門襟: 套頭圖案: 卡通動漫件數: 2件', '0', '1', '2016-07-20 11:21:19', '0', '35', '16');
INSERT INTO `goods` VALUES ('45', '安塞爾斯童裝T恤套裝', '69.00', '49.00', '44.jpg', '品牌: Ansel’s/安塞爾斯安全等級: A類材質成分: 棉100%貨號: 1162070適用性別: 男顏色分類: 大紅色 米白色（運動熊） 深橙紅（數字） 米白色（時尚熊） 米白色 大紅色（斑點） 大紅色（萌貓） 深橙紅 玻璃藍 米白色（寶貝熊） 嫩綠色 法國藍（萌貓） 考拉灰色 花灰色 深橙紅（字母） 蘋果綠萌飛熊 蘋果綠創意熊 法國藍 玻璃藍（卡通） 大紅色（卡通） 花灰色（字母熊） 米白色（字母熊） 米白色（潮萌熊） 大紅色（可愛熊）參考身高: 73cm 80cm 90cm 100cm 110cm 120cm模特實拍: 實拍無模特適用場景: 上學送禮按關系送禮: 孩子是否帶帽子: 無組合形式: 短袖+褲子面料: 純棉(95%及以上)厚薄: 常規適用季節: 夏季風格: 休閒衣門襟: 套頭圖案: 卡通動漫件數: 2件', '1', '0', '2016-07-20 11:25:22', '0', '35', '16');
INSERT INTO `goods` VALUES ('46', '莫伊兒短袖兒童套裝', '19.90', '9.90', '45.jpg', '品牌: 莫伊兒貨號: N-104適用性別: 男顏色分類: 學校套裝蘭 學校套裝綠 1拉綠色 1拉蘭色 1拉桔色 海軍AI 藏青 小鴨子蘭色 米姥鼠 YZ綠色 夏貓 卡通熊藏青 卡通熊紅 羽毛藏青 羽毛紅 大XX白色 迷彩灰 六角星綠 小黑帽綠色 PN蘭 六角星蘭 1拉白色 花袋白 W襯衫紅 動物參考身高: 80碼建議身高75CM以內 90碼建議身高85CM以內 100碼建議身高85-95CM 110碼建議身高95-105CM 120碼建議身高105-115CM是否帶帽子: 無組合形式: 短袖+褲子面料: 棉混紡布厚薄: 常規適用季節: 春秋風格: 運動衣門襟: 套頭圖案: 格子件數: 2件', '1', '0', '2016-07-20 11:27:00', '0', '35', '16');
INSERT INTO `goods` VALUES ('47', 'Razer/雷蛇 靈刃潛行版 RZ09-01682E22', '13499.00', '13000.00', '46.jpg', '證書編號：2015010902812387證書狀態：有效申請人名稱：Razer Inc.制造商名稱：Razer Inc.產品名稱：雷蛇靈刃潛行版 遊戲筆記本電腦3C產品型號：RZ09-0168,RZ09-0184產品名稱：Razer/雷蛇 靈刃潛行版 R...能效等級: 二級品牌: Razer/雷蛇型號: RZ09-01682E22屏幕尺寸: 12.5英寸CPU: Intel Core i7-6500U顯卡類型: Intel HD Graphics 520顯存容量: 共享內存容量機械硬盤容量: 無機械硬盤內存容量: 8GB操作系統: windows 10', '1', '1', '2016-07-20 11:28:23', '0', '36', '17');
INSERT INTO `goods` VALUES ('48', 'Dell/戴爾 靈越15(7559) Ins15P-2748', '7199.00', '7000.00', '47.jpg', '證書編號：2015010902785887證書狀態：有效產品名稱：便攜式計算機產品名稱：Dell/戴爾 靈越15(7559)...能效等級: 一級品牌: Dell/戴爾型號: Ins15P-2748屏幕尺寸: 15.6英寸CPU: Core/酷睿 i7顯卡類型: GTX 960M 4GB GDDR5顯存容量: 4GB機械硬盤容量: 1TB內存容量: 8GB操作系統: windows 10', '1', '0', '2016-07-20 11:29:16', '0', '36', '17');
INSERT INTO `goods` VALUES ('49', 'Asus/華碩 頑石4代', '5499.00', '5000.00', '48.jpg', '證書編號：2013010902601399證書狀態：有效申請人名稱：華碩電腦股份有限公司制造商名稱：華碩電腦股份有限公司產品名稱：筆記本電腦3C產品型號：見附件產品名稱：Asus/華碩 頑石 頑石4代能效等級: 一級品牌: Asus/華碩型號: 頑石4代屏幕尺寸: 15.6英寸CPU: 第六代酷睿I7-6500U顯卡類型: NVIDIA GeForce 940M顯存容量: 2GB機械硬盤容量: 無機械硬盤內存容量: 4GB', '1', '0', '2016-07-20 11:30:20', '0', '36', '17');
INSERT INTO `goods` VALUES ('50', 'Apple/蘋果 MacBook Pro MJLT2CH/A', '17588.00', '17588.00', '49.jpg', '證書編號：2012010902552763證書狀態：有效申請人名稱：美國蘋果公司制造商名稱：美國蘋果公司產品名稱：筆記型電腦3C產品型號：A1398：20VDC，4.25A（電源適配器（可選）:A1424）產品名稱：Apple/蘋果 MacBook Pro ...能效等級: 無品牌: Apple/蘋果MacBook Pro系列型號: MJLT2CH/A屏幕尺寸: 15英寸CPU: Intel 酷睿i7 4870HQ顯卡類型: AMD Radeon R9 M370X 配備 2GB GDD顯存容量: 2GB機械硬盤容量: 無機械硬盤內存容量: 16G操作系統: Mac OS', '0', '1', '2016-07-20 11:31:28', '0', '36', '17');
INSERT INTO `goods` VALUES ('51', 'Lenovo/聯想 YOGA710 -14ISK', '5499.00', '5499.00', '50.jpg', '證書編號：2014010902742663證書狀態：有效申請人名稱：聯寶(合肥)電子科技有限公司制造商名稱：聯想(北京)有限公司產品名稱：便攜式計算機3C產品型號：Lenovo Yoga 3 14xxxx (x 代表0-9, a-z, A-Z, - 或空格,代表銷...產品名稱：Lenovo/聯想 YOGA710 -1...能效等級: 一級品牌: Lenovo/聯想型號: -14ISK屏幕尺寸: 14英寸CPU: Core/酷睿 i5 i5-6200U顯卡類型: NVIDIA GeForce GT940MX顯存容量: 2GB機械硬盤容量: 無機械硬盤內存容量: 4GB操作系統: windows 10', '0', '1', '2016-07-20 11:32:20', '8', '36', '17');
INSERT INTO `goods` VALUES ('52', '聯想台式機電腦G50500I', '3299.00', '3299.00', '51.jpg', '證書編號：2012010902583758證書狀態：有效申請人名稱：聯寶(合肥)電子科技有限公司制造商名稱：聯想(北京)有限公司產品名稱：便攜式計算機3C產品型號：見附件CPU類型: Core/酷睿 i5型號: I5-4460新圓夢系列型號: H5050 I5-4460...適用品牌: Intel/英特爾內存容量: 4GB內存類型: DDR3硬盤容量: 1TB顯卡類型: 獨立顯卡屏幕尺寸: 無顯示器顯示器類型: 無顯示器', '0', '1', '2016-07-20 11:34:09', '2', '36', '17');
INSERT INTO `goods` VALUES ('53', 'Dell/戴爾 I3650-1838', '5499.00', '5499.00', '52.jpg', 'CPU類型: Core/酷睿 i5型號: i5-6400內存容量: 8GB硬盤容量: 1TB顯卡類型: 獨立顯卡顯卡型號: NVIDIA GeForce 730 2GB GDDR3屏幕尺寸: 23英寸顯示器類型: 其他/other', '0', '1', '2016-07-20 11:36:28', '0', '37', '17');
INSERT INTO `goods` VALUES ('54', 'Alienware 外星人 ALPHA R2 ALWAD-4728', '8999.00', '8999.00', '53.jpg', '產品名稱：alienware ALWAD-4728CPU類型: Core/酷睿 i7型號: i7 6700T內存容量: 8GB內存類型: 其他/other硬盤容量: 其他/other顯卡類型: 獨立顯卡顯卡型號: NVIDIA GeForce GTX 960 GPU屏幕尺寸: 無顯示器顯示器類型: 無顯示器操作系統: 其他/other', '0', '1', '2016-07-20 11:37:29', '1', '37', '17');
INSERT INTO `goods` VALUES ('55', '海爾電腦主機轟天雷X9', '3999.00', '3999.00', '54.jpg', '證書編號：2014010901684338證書狀態：有效申請人名稱：海爾信息科技(深圳)有限公司制造商名稱：海爾信息科技(深圳)有限公司產品名稱：微型計算機 產品名稱：Haier/海爾 轟天雷X8-8G...CPU類型: Core/酷睿 i5型號: 4460適用品牌: Intel/英特爾台機Intel型號: 其他/other內存容量: 8GB內存類型: DDR3硬盤容量: 1T顯卡類型: 獨立顯卡顯卡型號: GTX950屏幕尺寸: 無顯示器顯示器類型: 無顯示器操作系統: MS-DOS', '0', '1', '2016-07-20 11:38:45', '0', '37', '17');
INSERT INTO `goods` VALUES ('56', 'asus/華碩 G11', '5899.00', '5899.00', '55.jpg', '產品名稱：Asus/華碩 G11CDCPU類型: Core/酷睿 i7型號: I7-6700適用品牌: 其他/other內存容量: 8GB內存類型: DDR3硬盤容量: 1T顯卡類型: 獨立顯卡顯卡型號: 其他/other屏幕尺寸: 無顯示器顯示器類型: 無顯示器', '0', '1', '2016-07-20 11:39:52', '2', '37', '17');
INSERT INTO `goods` VALUES ('57', 'SNSIR/申士 Y207', '1298.00', '1298.00', '56.jpg', '產品名稱：SNSIR/申士 Y207主機播放碟片格式: 無主機類型: 僅有功放無碟機毛重: 大約23KG視頻連接方式: 無附加功能: AUX接口 USB接口 藍牙連接 麥克風接口音效模式: Dolby Digital（AC-3）音箱箱體材質: 塑料音箱連接方式: 光纖傳輸 同軸傳輸顏色分類: 香檳色壁掛式5.1家庭影院 香檳色落地式5.1家庭影院品牌: SNSIR/申士型號: Y207聲道數: 5.1是否DVD播放機: 不帶DVD機', '0', '1', '2016-07-20 11:41:14', '1', '38', '17');
INSERT INTO `goods` VALUES ('58', 'Philips/飛利浦 HTB3581/93', '2699.00', '2699.00', '57.jpg', '產品名稱：Philips/飛利浦 HTB3581/...主機播放碟片格式: CD DVD VCD 藍光主機類型: 功放與碟機一體式毛重: 26.3kg視頻連接方式: HDMI 混合Video附加功能: AUX接口 LAN網絡接口 USB接口 收音機 麥克風接口音效模式: DTS Dolby Digital（AC-3） Dolby Pro Logic Dolby Pro Logic II PCM sdds音箱箱體材質: 塑料音箱連接方式: HDMI傳輸 光纖傳輸 同軸傳輸 模擬傳輸顏色分類: 黑色品牌: Philips/飛利浦飛利浦家庭影院型號: HTB3581/93聲道數: 5.1款式: 音柱式是否DVD播放機: 帶DVD機輸出功率: 801W(含)-1000W(含) 最大輸出功率: 1000W', '0', '1', '2016-07-20 11:42:31', '4', '38', '17');
INSERT INTO `goods` VALUES ('59', 'Yamaha/雅馬哈 YHT-299', '2990.00', '2990.00', '58.jpg', '產品名稱：Yamaha/雅馬哈 YHT-299主機播放碟片格式: 無主機類型: 僅有功放無碟機毛重: 21kg視頻連接方式: 無音效模式: DTS Dolby Pro Logic Dolby Pro Logic II音箱箱體材質: 塑料音箱連接方式: HDMI傳輸 光纖傳輸 同軸傳輸顏色分類: 黑色品牌: Yamaha/雅馬哈型號: YHT-299聲道數: 5.1款式: 衛星/迷你式是否DVD播放機: 不帶DVD機輸出功率: 601W(含)-800W(含) 最大輸出功率: 675W', '0', '1', '2016-07-20 11:43:18', '72', '38', '17');
INSERT INTO `goods` VALUES ('60', 'JBL ARENA180/VSX-531', '10580.00', '10580.00', '59.jpg', '主機播放碟片格式: 無主機類型: 僅有功放無碟機堆碼層數極限: 3層毛重: 約60KG視頻連接方式: HDMI附加功能: USB接口 收音機 藍牙連接音效模式: DTS Dolby Digital（AC-3）音箱箱體材質: 木顏色分類: 180影院+先鋒531品牌: JBL型號: ARENA180/VSX-531聲道數: 5.1款式: 古典是否DVD播放機: 不帶DVD機輸出功率: 801W(含)-1000W(含)', '0', '1', '2016-07-20 11:44:21', '47', '38', '17');
INSERT INTO `goods` VALUES ('61', 'Sony/索尼 BDV-N9200WL', '7038.00', '7038.00', '60.jpg', '產品名稱：Sony/索尼 BDV-N9200WL主機播放碟片格式: CD DVD VCD 藍光主機類型: 功放與碟機一體式堆碼層數極限: 9層毛重: 28kg視頻連接方式: HDMI附加功能: 2D轉3D LAN網絡接口 NFC USB接口 WIFI 收音機 藍牙連接音效模式: DTS Dolby Digital（AC-3） Dolby Pro Logic Dolby Pro Logic II音箱箱體材質: 塑料音箱連接方式: 無線 模擬傳輸品牌: Sony/索尼索尼家庭影院型號: BDV-N9200WL聲道數: 5.1款式: 音柱式是否DVD播放機: 帶DVD機輸出功率: 401W(含)-600W(含)售後服務: 全國聯保', '0', '0', '2016-07-20 11:45:23', '16', '38', '17');

-- ----------------------------
-- Table structure for orders
-- ----------------------------
DROP TABLE IF EXISTS `orders`;
CREATE TABLE `orders` (
  `id` int(11) NOT NULL AUTO_INCREMENT,
  `user_id` int(11) DEFAULT NULL,
  `recevie_name` varchar(255) DEFAULT NULL,
  `recevie_address` varchar(255) DEFAULT NULL,
  `recevie_tel` varchar(255) DEFAULT NULL,
  `remark` varchar(255) DEFAULT NULL,
  `addtime` datetime DEFAULT NULL,
  PRIMARY KEY (`id`),
  KEY `user_id` (`user_id`),
  KEY `ix_orders_addtime` (`addtime`),
  CONSTRAINT `orders_ibfk_1` FOREIGN KEY (`user_id`) REFERENCES `user` (`id`)
) ENGINE=InnoDB AUTO_INCREMENT=28 DEFAULT CHARSET=utf8;

-- ----------------------------
-- Records of orders
-- ----------------------------
INSERT INTO `orders` VALUES ('21', '3', '測試', '這是誰', '18910441510', '閃電法師', '2022-12-09 18:50:36');
INSERT INTO `orders` VALUES ('22', '3', '測試3', '手動閥', '18910441510', '手動閥', '2022-12-09 18:52:26');
INSERT INTO `orders` VALUES ('23', '3', '側室', '123', '18910441510', '的所發生的', '2022-12-09 18:52:50');
INSERT INTO `orders` VALUES ('24', '3', '張三', '長春', '18910441510', '測試', '2018-11-01 09:06:16');
INSERT INTO `orders` VALUES ('25', '3', '李四', '長春', '18910441510', '阿斯頓發生', '2018-11-01 09:52:41');
INSERT INTO `orders` VALUES ('26', '6', '小明', '吉林長春', '18910441510', '請送貨上門', '2018-11-02 15:55:01');
INSERT INTO `orders` VALUES ('27', '6', '郭靖', '北京回龍觀', '18910441510', '快點發貨', '2018-11-02 15:55:50');

-- ----------------------------
-- Table structure for orders_detail
-- ----------------------------
DROP TABLE IF EXISTS `orders_detail`;
CREATE TABLE `orders_detail` (
  `id` int(11) NOT NULL AUTO_INCREMENT,
  `goods_id` int(11) DEFAULT NULL,
  `order_id` int(11) DEFAULT NULL,
  `number` int(11) DEFAULT NULL,
  PRIMARY KEY (`id`),
  KEY `goods_id` (`goods_id`),
  KEY `order_id` (`order_id`),
  CONSTRAINT `orders_detail_ibfk_1` FOREIGN KEY (`goods_id`) REFERENCES `goods` (`id`),
  CONSTRAINT `orders_detail_ibfk_2` FOREIGN KEY (`order_id`) REFERENCES `orders` (`id`)
) ENGINE=InnoDB AUTO_INCREMENT=23 DEFAULT CHARSET=utf8;

-- ----------------------------
-- Records of orders_detail
-- ----------------------------
INSERT INTO `orders_detail` VALUES ('8', '2', '21', '1');
INSERT INTO `orders_detail` VALUES ('9', '3', '21', '1');
INSERT INTO `orders_detail` VALUES ('10', '18', '22', '1');
INSERT INTO `orders_detail` VALUES ('11', '19', '22', '1');
INSERT INTO `orders_detail` VALUES ('12', '47', '23', '1');
INSERT INTO `orders_detail` VALUES ('13', '49', '23', '1');
INSERT INTO `orders_detail` VALUES ('14', '50', '23', '1');
INSERT INTO `orders_detail` VALUES ('15', '56', '24', '1');
INSERT INTO `orders_detail` VALUES ('16', '2', '25', '1');
INSERT INTO `orders_detail` VALUES ('17', '3', '25', '5');
INSERT INTO `orders_detail` VALUES ('18', '2', '26', '1');
INSERT INTO `orders_detail` VALUES ('19', '17', '26', '1');
INSERT INTO `orders_detail` VALUES ('20', '60', '26', '1');
INSERT INTO `orders_detail` VALUES ('21', '4', '27', '1');
INSERT INTO `orders_detail` VALUES ('22', '7', '27', '1');

-- ----------------------------
-- Table structure for subcat
-- ----------------------------
DROP TABLE IF EXISTS `subcat`;
CREATE TABLE `subcat` (
  `id` int(11) NOT NULL AUTO_INCREMENT,
  `cat_name` varchar(100) DEFAULT NULL,
  `addtime` datetime DEFAULT CURRENT_TIMESTAMP COMMENT '創建時間',
  `super_cat_id` int(11) DEFAULT NULL,
  PRIMARY KEY (`id`),
  KEY `super_cat_id` (`super_cat_id`),
  KEY `ix_subcat_addtime` (`addtime`),
  CONSTRAINT `subcat_ibfk_1` FOREIGN KEY (`super_cat_id`) REFERENCES `supercat` (`id`)
) ENGINE=InnoDB AUTO_INCREMENT=45 DEFAULT CHARSET=utf8;

-- ----------------------------
-- Records of subcat
-- ----------------------------
INSERT INTO `subcat` VALUES ('27', '金製戒指', '2022-12-09 15:01:59', '14');
INSERT INTO `subcat` VALUES ('28', '銀製戒指', '2022-12-09 15:01:59', '14');
INSERT INTO `subcat` VALUES ('29', '合金製戒指', '2022-12-09 15:01:59', '14');
INSERT INTO `subcat` VALUES ('30', '金製耳環', '2022-12-09 15:01:59', '15');
INSERT INTO `subcat` VALUES ('31', '銀製耳環', '2022-12-09 15:01:59', '15');
INSERT INTO `subcat` VALUES ('32', '不鏽鋼製耳環', '2022-12-09 15:01:59', '15');
INSERT INTO `subcat` VALUES ('33', '金項鍊', '2022-12-09 15:01:59', '16');
INSERT INTO `subcat` VALUES ('34', '銀項鍊', '2022-12-09 15:01:59', '16');
INSERT INTO `subcat` VALUES ('35', '不鏽鋼製項鍊', '2022-12-09 15:01:59', '16');
INSERT INTO `subcat` VALUES ('36', '金手環', '2022-12-09 15:01:59', '17');
INSERT INTO `subcat` VALUES ('37', '銀手環', '2022-12-09 15:01:59', '17');
INSERT INTO `subcat` VALUES ('38', '合金手環', '2022-12-09 15:01:59', '17');

-- ----------------------------
-- Table structure for supercat
-- ----------------------------
DROP TABLE IF EXISTS `supercat`;
CREATE TABLE `supercat` (
  `id` int(11) NOT NULL AUTO_INCREMENT,
  `cat_name` varchar(100) DEFAULT NULL,
  `addtime` datetime DEFAULT CURRENT_TIMESTAMP COMMENT '創建時間',
  PRIMARY KEY (`id`),
  KEY `ix_supercat_addtime` (`addtime`)
) ENGINE=InnoDB AUTO_INCREMENT=31 DEFAULT CHARSET=utf8;

-- ----------------------------
-- Records of supercat
-- ----------------------------

INSERT INTO `supercat` VALUES ('14', '戒指', '2022-12-09 15:01:59');
INSERT INTO `supercat` VALUES ('15', '耳環', '2022-12-09 15:02:59');
INSERT INTO `supercat` VALUES ('16', '項鍊', '2022-12-09 15:03:59');
INSERT INTO `supercat` VALUES ('17', '手環', '2022-12-09 15:04:59');
INSERT INTO `supercat` VALUES ('30', '是的法定', '2022-12-09 15:05:59');

-- ----------------------------
-- Table structure for user
-- ----------------------------
DROP TABLE IF EXISTS `user`;
CREATE TABLE `user` (
  `id` int(11) NOT NULL AUTO_INCREMENT,
  `username` varchar(100) DEFAULT NULL,
  `email` varchar(100) DEFAULT NULL,
  `phone` varchar(11) DEFAULT NULL,
  `addtime` datetime DEFAULT NULL,
  `password` varchar(100) DEFAULT NULL,
  `consumption` decimal(10,2) DEFAULT NULL,
  PRIMARY KEY (`id`),
  UNIQUE KEY `email` (`email`),
  UNIQUE KEY `phone` (`phone`),
  KEY `ix_user_addtime` (`addtime`)
) ENGINE=InnoDB AUTO_INCREMENT=7 DEFAULT CHARSET=utf8;

-- ----------------------------
-- Records of user
-- ----------------------------
INSERT INTO `user` VALUES ('1', 'andy', '694798056@qq.com', '13912345678', '2018-10-27 13:37:33', 'pbkdf2:sha256:50000$TkExX9Jm$d63477853a17dcaedcd52be4b6213ebb74b61a12456762ac19d6b7dfb559aa57', '0.00');
INSERT INTO `user` VALUES ('2', 'Tom', '1232434@qq.com', '123343467', '2018-10-27 13:55:03', 'pbkdf2:sha256:50000$TkExX9Jm$d63477853a17dcaedcd52be4b6213ebb74b61a12456762ac19d6b7dfb559aa57', '0.00');
INSERT INTO `user` VALUES ('3', 'zhangsan', '123456@qq.com', '18910441212', '2022-12-09 09:42:14', 'pbkdf2:sha256:50000$LSXCOuSP$8be298f1360258b419844a128bf053d63c84af626d30404237b3f8ca417e3d9b', '0.00');
INSERT INTO `user` VALUES ('5', 'lisi', '1234567@qq.com', '18910441213', '2022-12-09 09:49:23', 'pbkdf2:sha256:50000$6ghkMYvc$d2c93fa14932f0dc6e6aa3ea98c39dafba21cd367c6a9c0d3d99360649c94755', '0.00');
INSERT INTO `user` VALUES ('6', '明日科技', 'mr@mrsoft.com', '13578982158', '2018-11-01 16:51:26', 'pbkdf2:sha256:50000$U27W3Fbe$2c861e8d7ed40a7dfe384a9d490097f2bb6a27a5afd0f85537ea805f9aeb08d4', '0.00');
